{"cameraMode":{"drawMode":0,"name":"Shaded","section":"Shading Mode"},"sceneLighting":false,"audioPlay":false,"sceneViewState":{"m_AlwaysRefresh":false,"showFog":true,"showSkybox":false,"showFlares":true,"showImageEffects":true,"showParticleSystems":true,"showVisualEffectGraphs":true,"m_FxEnabled":true},"in2DMode":false,"pivot":{"x":0.016628190875053407,"y":0.0038867145776748659,"z":-0.03235901892185211},"rotation":{"x":-0.06468416005373001,"y":0.9352424144744873,"z":-0.2390156090259552,"w":-0.25310400128364565},"size":0.14216569066047669,"orthographic":false}