{"cameraMode":{"drawMode":0,"name":"Shaded","section":"Shading Mode"},"sceneLighting":true,"audioPlay":false,"sceneViewState":{"m_AlwaysRefresh":false,"showFog":true,"showSkybox":true,"showFlares":true,"showImageEffects":true,"showParticleSystems":true,"showVisualEffectGraphs":true,"m_FxEnabled":true},"in2DMode":false,"pivot":{"x":-0.7318090796470642,"y":1.6469260454177857,"z":-1.3610904216766358},"rotation":{"x":-0.0049041202291846279,"y":0.9937189817428589,"z":-0.048342473804950717,"w":-0.10080791264772415},"size":3.964240789413452,"orthographic":false}